MedInc,HouseAge,AveRooms,AveBedrms,Population,AveOccup,Latitude,Longitude,MedianHouseValue
8.9083,15.0,6.947712418300654,1.0130718954248366,905.0,2.957516339869281,37.54,-122.27,5.00001
12.8763,50.0,7.074183976261128,0.9258160237388724,836.0,2.4807121661721068,34.12,-118.28,5.00001
2.0227,44.0,5.102325581395349,1.1116279069767443,609.0,2.832558139534884,37.74,-122.16,1.031
2.1432,33.0,3.808270676691729,1.1729323308270676,706.0,2.654135338345865,33.86,-117.94,1.975
3.37,52.0,3.8282828282828283,1.0235690235690236,754.0,2.538720538720539,34.08,-118.32,3.303
2.8261,24.0,4.532994923857868,1.0609137055837563,342.0,1.736040609137056,33.75,-117.82,1.465
2.3844,13.0,5.333333333333333,1.0207156308851224,1065.0,2.005649717514124,33.22,-117.28,0.986
2.875,18.0,4.796565389696169,1.2509907529722588,2357.0,3.1136063408190227,37.26,-121.8,1.844
2.45,17.0,8.973684210526315,1.855263157894737,338.0,2.223684210526316,38.69,-119.78,1.176
6.5861,26.0,5.954206602768903,0.9946751863684771,2824.0,3.007454739084132,33.82,-118.33,4.178
2.4286,34.0,3.7728494623655915,1.032258064516129,2217.0,2.9798387096774195,33.82,-118.2,2.048
3.25,42.0,3.413114754098361,1.0262295081967212,1396.0,2.2885245901639344,37.35,-121.9,1.853
1.5449,17.0,4.5315985130111525,1.1115241635687731,1563.0,2.9052044609665426,36.74,-119.69,0.625
3.5234,31.0,4.220588235294118,1.0833333333333333,1675.0,2.7369281045751634,33.91,-118.35,2.65
1.875,40.0,4.110266159695818,1.0722433460076046,970.0,3.688212927756654,34.09,-118.22,1.5
2.3152,10.0,3.4055944055944054,1.1048951048951048,631.0,2.2062937062937062,37.97,-122.04,1.406
1.5328,36.0,2.5707865168539326,1.1606741573033708,3030.0,3.404494382022472,34.1,-118.31,2.5
2.3912,34.0,5.652960526315789,1.144736842105263,1783.0,2.932565789473684,35.16,-119.45,0.529
2.8333,34.0,4.408602150537634,1.064516129032258,1832.0,3.9397849462365593,34.05,-117.97,1.557
8.4045,7.0,7.63523372061605,1.0440421507700621,12203.0,3.2972169683869224,37.53,-121.92,4.511
3.4695,6.0,6.402402402402402,1.1246246246246245,2005.0,3.0105105105105103,34.42,-117.56,1.388
9.0064,36.0,8.321678321678322,1.0664335664335665,1511.0,2.6416083916083917,37.9,-122.18,5.00001
5.4193,17.0,5.789340101522843,0.9111675126903553,1226.0,3.1116751269035534,37.23,-121.79,2.595
4.1659,36.0,5.887545344619105,1.053204353083434,1899.0,2.2962515114873034,37.99,-122.59,3.02
4.6053,30.0,4.467954345917471,1.0623353819139596,1935.0,1.6988586479367866,37.76,-122.44,3.861
3.75,16.0,5.768718801996672,1.0232945091514143,1478.0,2.459234608985025,38.68,-121.28,1.473
5.3972,30.0,6.416666666666667,1.0095238095238095,1098.0,2.6142857142857143,36.97,-122.04,3.623
5.0779,34.0,5.487179487179487,0.9901380670611439,1219.0,2.4043392504930967,37.93,-122.52,3.339
4.3281,52.0,5.3812154696132595,1.0497237569060773,403.0,2.226519337016575,36.62,-121.92,2.365
1.3952,41.0,4.459882583170255,1.0528375733855186,1908.0,3.7338551859099804,36.06,-119.02,0.431
4.6923,37.0,5.271493212669683,0.9502262443438914,627.0,2.83710407239819,33.95,-118.01,1.81
3.9628,29.0,5.862068965517241,1.0830721003134796,1724.0,2.7021943573667713,33.84,-118.01,2.156
3.7143,31.0,4.517829457364341,1.1085271317829457,3547.0,5.499224806201551,37.35,-121.83,1.786
4.8036,11.0,6.165432098765432,1.054320987654321,1101.0,2.7185185185185183,36.83,-119.85,1.416
2.4414,52.0,2.900293255131965,1.2463343108504399,634.0,1.8592375366568914,37.78,-122.42,2.75
10.675,28.0,7.96875,0.9854166666666667,1415.0,2.9479166666666665,37.27,-122.01,5.00001
3.8269,31.0,6.255892255892256,1.2356902356902357,701.0,2.3602693602693603,38.07,-122.84,2.707
5.1643,10.0,5.0757162346521145,1.0832196452933152,3571.0,2.4358799454297406,37.49,-121.92,1.931
12.4429,30.0,8.267326732673267,1.0841584158415842,606.0,3.0,32.86,-117.25,5.00001
2.725,32.0,5.992395437262357,1.1330798479087452,3490.0,6.634980988593156,34.15,-119.22,4.5
3.1583,34.0,4.832075471698113,0.9377358490566038,1583.0,2.986792452830189,38.52,-121.48,0.958
2.9422,32.0,4.931608133086876,1.1256931608133087,1512.0,2.7948243992606283,34.1,-118.03,2.331
3.5625,15.0,16.611764705882354,2.9529411764705884,703.0,2.756862745098039,34.25,-117.17,1.655
3.0,36.0,5.210659898477157,0.9796954314720813,1023.0,2.5964467005076144,33.91,-118.12,2.166
3.2824,52.0,4.356984478935699,1.06430155210643,794.0,1.7605321507760532,34.08,-118.36,3.048
3.625,25.0,5.329136690647482,0.9928057553956835,1162.0,2.0899280575539567,32.8,-117.08,1.845
2.825,38.0,5.768656716417911,1.0970149253731343,320.0,2.388059701492537,37.74,-121.42,1.525
4.4602,14.0,5.836215666327568,1.0254323499491353,2731.0,2.77822990844354,38.57,-121.34,1.345
2.3352,28.0,4.544419134396355,1.111617312072893,1182.0,2.69248291571754,37.93,-122.35,0.843
5.6091,21.0,5.6997885835095135,1.1585623678646935,1142.0,2.4143763213530653,33.89,-118.37,3.568
4.7031,34.0,5.5019607843137255,1.0274509803921568,839.0,3.2901960784313724,37.74,-122.41,2.552
11.1557,24.0,7.921875,1.0885416666666667,539.0,2.8072916666666665,37.24,-122.04,5.00001
3.9118,46.0,4.868525896414343,0.9402390438247012,819.0,3.262948207171315,37.96,-122.33,1.294
1.9231,44.0,3.959550561797753,1.0404494382022471,786.0,1.7662921348314606,34.01,-118.33,1.885
1.8088,35.0,5.609467455621302,1.0887573964497042,467.0,2.7633136094674557,37.81,-122.28,1.188
6.3066,17.0,4.714907508161045,1.030467899891186,1650.0,1.7954298150163222,37.87,-122.5,3.461
3.35,18.0,5.7106382978723405,1.0184397163120567,1731.0,2.4553191489361703,40.49,-122.31,1.184
4.8438,36.0,5.449720670391062,1.0195530726256983,1254.0,3.5027932960893855,33.85,-117.96,1.857
5.2661,37.0,6.7018867924528305,1.1358490566037736,702.0,2.6490566037735848,34.26,-118.34,3.149
4.0662,52.0,5.578125,1.046875,440.0,2.2916666666666665,37.74,-122.14,2.042
3.625,52.0,5.285714285714286,1.125,143.0,2.5535714285714284,39.67,-120.24,0.686
2.275,28.0,4.218553459119497,1.1132075471698113,2047.0,3.2185534591194966,34.02,-117.34,0.854
2.256,26.0,4.404145077720207,1.0958549222797926,909.0,2.354922279792746,36.79,-119.79,0.645
2.6781,33.0,3.9130434782608696,1.1358695652173914,1416.0,1.923913043478261,34.05,-118.35,3.288
6.6818,25.0,6.345,1.0,1678.0,2.796666666666667,37.3,-122.04,4.113
7.9059,38.0,6.5479452054794525,1.0639269406392695,1098.0,2.506849315068493,33.9,-118.4,4.771
3.415,52.0,4.627639155470249,1.0095969289827256,2165.0,4.155470249520153,33.74,-117.87,1.725
3.125,16.0,6.815789473684211,1.394736842105263,131.0,3.4473684210526314,35.91,-120.0,0.625
3.2234,17.0,5.2,1.0509433962264152,1986.0,3.7471698113207546,38.28,-121.35,0.82
2.6181,9.0,5.077477477477477,1.4792792792792793,851.0,1.5333333333333334,32.75,-117.15,2.042
5.0468,5.0,6.530330882352941,1.0505514705882353,3523.0,3.2380514705882355,37.98,-121.72,1.688
2.7275,17.0,5.574285714285714,1.0514285714285714,681.0,1.9457142857142857,34.38,-119.55,5.00001
1.0398,25.0,5.465798045602606,1.1954397394136809,971.0,3.1628664495114007,38.64,-121.44,0.621
3.8187,20.0,5.099173553719008,1.3636363636363635,792.0,2.1818181818181817,33.64,-117.98,1.375
2.1205,36.0,4.833333333333333,1.0352564102564104,1283.0,4.112179487179487,36.45,-119.23,0.6
3.5877,14.0,5.53314606741573,1.0601123595505617,4356.0,2.447191011235955,37.7,-120.99,1.609
5.9582,38.0,6.4534412955465585,1.008097165991903,633.0,2.562753036437247,34.16,-118.04,3.507
4.1071,11.0,5.813953488372093,1.0105708245243128,2827.0,2.988372093023256,38.67,-121.21,1.458
1.0951,40.0,4.139359698681733,1.152542372881356,1517.0,2.8568738229755177,34.12,-117.29,0.658
3.4087,45.0,4.67948717948718,1.0128205128205128,672.0,2.871794871794872,34.15,-118.07,2.092
1.7763,52.0,3.0526315789473686,1.1578947368421053,249.0,4.368421052631579,34.06,-118.25,3.125
2.9054,44.0,5.206185567010309,1.0120274914089347,1373.0,2.359106529209622,38.31,-122.27,1.552
3.7941,37.0,4.771543086172345,1.1523046092184368,1235.0,2.4749498997995993,34.16,-118.33,2.478
5.539,45.0,5.9609756097560975,1.0731707317073171,492.0,2.4,37.54,-122.31,3.969
4.1,2.0,14.36,1.96,119.0,2.38,34.16,-117.51,3.15
2.4728,18.0,5.3494055482166445,1.1030383091149274,4476.0,2.956406869220608,36.74,-119.71,0.883
3.7222,35.0,5.53932584269663,1.0308988764044944,1152.0,3.235955056179775,33.87,-117.96,1.875
3.0189,29.0,5.557065217391305,1.0815217391304348,912.0,2.4782608695652173,32.8,-117.0,1.441
6.5151,5.0,6.190476190476191,0.9761904761904762,157.0,3.738095238095238,32.64,-117.02,2.817
5.4496,17.0,6.1809899787427875,1.0607348921955664,8768.0,2.662617673853629,37.68,-121.73,2.389
2.8971,50.0,5.507462686567164,1.0417910447761194,1109.0,3.31044776119403,34.03,-118.32,1.278
5.0275,36.0,5.469387755102041,0.9846938775510204,639.0,3.260204081632653,33.83,-117.92,1.793
4.0905,13.0,6.197026022304833,1.0055762081784387,1923.0,3.574349442379182,38.25,-122.03,1.348
2.4505,25.0,4.225388601036269,1.0751295336787565,1045.0,2.7072538860103625,33.2,-117.24,1.475
2.5,29.0,6.333333333333333,1.1056910569105691,364.0,2.959349593495935,41.12,-120.96,0.592
5.1538,23.0,6.781659388646288,0.9432314410480349,778.0,3.3973799126637556,32.61,-117.03,1.713
3.4196,43.0,5.023404255319149,1.0404255319148936,824.0,1.7531914893617022,32.76,-117.15,3.022
4.5144,35.0,5.975384615384615,1.0215384615384615,1127.0,3.4676923076923076,33.9,-118.0,2.063
3.1127,29.0,4.2087227414330215,1.0591900311526479,1360.0,2.1183800623052957,37.66,-121.88,2.33
3.2957,35.0,4.7706855791962175,1.0685579196217494,3878.0,4.583924349881797,34.1,-117.96,1.416
2.5363,25.0,4.632016632016632,1.1101871101871101,1130.0,2.3492723492723493,38.59,-121.4,1.246
2.9693,13.0,4.452313503305005,1.0292728989612843,2420.0,2.2851746931067045,38.54,-121.32,1.044
3.4551,18.0,5.438799076212471,1.0254041570438799,1277.0,2.9491916859122402,32.71,-116.98,1.214
4.8295,37.0,5.51603498542274,1.0116618075801749,1039.0,3.0291545189504374,34.19,-118.52,2.121
1.4015,35.0,4.098591549295775,0.9753521126760564,992.0,3.492957746478873,35.35,-119.0,0.487
5.4449,16.0,6.504237288135593,1.0084745762711864,768.0,3.2542372881355934,35.34,-119.08,1.185
5.2155,18.0,6.553133514986376,1.0626702997275204,872.0,2.3760217983651226,38.27,-122.52,2.483
3.1895,45.0,5.533333333333333,1.1666666666666667,302.0,5.033333333333333,34.04,-118.16,1.563
2.6036,44.0,3.9505494505494507,1.0472527472527473,1831.0,2.012087912087912,37.97,-122.53,2.875
1.7917,34.0,4.398496240601504,1.0902255639097744,602.0,2.263157894736842,35.13,-118.44,0.8
3.1435,45.0,4.695817490494297,1.0304182509505704,499.0,1.897338403041825,34.15,-118.24,2.826
2.0333,12.0,5.180952380952381,1.2,1303.0,4.136507936507937,36.2,-119.34,0.544
3.0912,40.0,4.396261682242991,1.0018691588785047,1430.0,2.6728971962616823,36.84,-121.4,1.553
3.0774,52.0,4.997983870967742,1.0383064516129032,1816.0,3.661290322580645,37.76,-122.41,3.0
3.3625,13.0,5.0443951165371805,1.0566037735849056,2188.0,2.428412874583796,37.99,-121.84,1.261
2.0242,52.0,5.672131147540983,1.209016393442623,561.0,2.2991803278688523,38.55,-121.47,0.946
1.9911,40.0,3.697416974169742,1.2675276752767528,1514.0,2.793357933579336,34.09,-118.33,2.2
6.6265,30.0,6.022292993630574,1.1592356687898089,635.0,2.022292993630573,33.6,-117.86,5.00001
3.6091,16.0,6.094138543516874,1.147424511545293,3562.0,3.1634103019538187,34.87,-117.0,0.872
4.4875,52.0,5.210016155088853,1.0775444264943457,1494.0,2.4135702746365104,37.77,-122.44,5.00001
3.3368,16.0,4.946428571428571,1.0615079365079365,1370.0,2.7182539682539684,37.68,-120.97,1.212
1.9063,13.0,3.453125,0.984375,286.0,4.46875,33.97,-118.16,1.75
6.6355,19.0,7.210909090909091,1.029090909090909,1098.0,3.9927272727272727,33.75,-117.95,2.761
5.791,36.0,5.004048582995951,0.9271255060728745,880.0,3.562753036437247,37.39,-122.0,2.394
2.3421,35.0,3.356299212598425,1.029527559055118,2252.0,4.433070866141732,33.99,-118.2,1.542
3.5517,42.0,4.884272997032641,1.0578635014836795,2224.0,3.2997032640949553,34.05,-118.32,2.915
4.425,33.0,6.103359173126615,1.0180878552971577,1185.0,3.062015503875969,33.8,-117.96,1.884
4.6364,35.0,4.67910447761194,0.9813432835820896,1092.0,4.074626865671642,34.05,-117.96,1.631
2.1484,52.0,5.1923076923076925,1.3076923076923077,93.0,3.576923076923077,37.72,-122.39,1.813
5.8735,35.0,5.811638591117918,1.0566615620214395,1521.0,2.329249617151608,34.11,-118.63,4.481
1.6667,46.0,3.445901639344262,0.9901639344262295,1435.0,4.704918032786885,34.05,-118.19,1.336
3.434,17.0,5.352941176470588,1.0485590209238058,6990.0,2.759573628108962,32.78,-116.94,1.932
1.2222,32.0,4.4013050570962475,1.0440456769983686,1953.0,3.1859706362153344,33.92,-118.23,1.072
4.475,47.0,5.628571428571429,1.0952380952380953,1083.0,3.4380952380952383,37.72,-122.45,2.212
2.1471,33.0,4.313131313131313,1.1868686868686869,645.0,3.257575757575758,33.99,-118.47,2.393
4.4423,18.0,6.076512455516014,1.0320284697508897,1912.0,3.402135231316726,37.83,-121.2,1.614
3.6629,30.0,6.3625,1.0666666666666667,757.0,3.154166666666667,37.58,-120.83,1.714
2.8175,22.0,4.330964467005076,1.0253807106598984,2766.0,2.8081218274111674,32.81,-116.94,1.352
2.3095,36.0,4.692847124824684,1.0364656381486677,2151.0,3.016830294530154,37.3,-120.46,0.683
4.0313,18.0,15.813953488372093,3.116279069767442,350.0,2.7131782945736433,39.04,-120.16,1.26
2.2254,11.0,4.598499061913696,1.2476547842401502,1155.0,2.1669793621013134,37.8,-121.23,1.308
2.0048,36.0,4.734375,0.99609375,569.0,2.22265625,38.34,-121.5,0.729
8.1111,13.0,7.94672131147541,1.0122950819672132,928.0,3.80327868852459,33.71,-117.77,3.798
4.45,32.0,5.1561866125760645,1.0669371196754565,1278.0,2.5922920892494927,34.24,-118.28,2.636
5.0672,24.0,5.919776119402985,1.0223880597014925,1351.0,2.5205223880597014,37.95,-122.08,2.43
2.6719,28.0,3.8841567291311754,1.039182282793867,1255.0,2.1379897785349233,37.66,-122.07,1.612
2.4191,24.0,4.4227642276422765,1.089430894308943,1095.0,4.451219512195122,32.6,-117.06,1.073
1.8575,27.0,4.247663551401869,1.0724299065420562,1182.0,2.7616822429906542,38.12,-121.26,0.738
4.2851,34.0,5.767988252569751,1.0073421439060206,2315.0,3.3994126284875184,32.62,-117.05,1.445
4.3879,2.0,7.105691056910569,1.1504065040650406,2816.0,2.861788617886179,38.46,-121.35,1.444
1.8798,40.0,3.961864406779661,0.9576271186440678,818.0,3.4661016949152543,33.95,-118.27,1.013
3.8571,36.0,5.446043165467626,0.9280575539568345,665.0,2.3920863309352516,32.79,-117.19,2.351
1.7,27.0,4.2,1.0913043478260869,462.0,2.008695652173913,38.44,-122.71,3.5
5.0871,7.0,6.401388888888889,1.0291666666666666,1660.0,2.3055555555555554,36.81,-121.36,2.905
2.7543,15.0,3.9331797235023043,1.1843317972350231,1335.0,3.076036866359447,33.64,-117.93,1.778
6.8645,17.0,8.642585551330798,1.1330798479087452,700.0,2.661596958174905,36.83,-119.84,1.959
3.1042,2.0,6.877551020408164,1.1224489795918366,115.0,2.3469387755102042,33.93,-117.27,1.648
3.0958,25.0,4.310618066561014,1.0776545166402536,1559.0,2.4706814580031695,33.74,-117.82,1.378
1.7995,27.0,4.562711864406779,1.152542372881356,1177.0,3.989830508474576,34.03,-118.19,1.534
2.0547,13.0,4.867783985102421,1.2104283054003724,1949.0,3.629422718808194,34.58,-118.12,1.026
3.9226,19.0,6.204946996466431,1.0,2357.0,2.7762073027090697,38.69,-121.23,1.487
3.0052,34.0,3.6564625850340136,1.0816326530612246,906.0,3.0816326530612246,37.66,-122.41,2.425
3.7174,4.0,3.56793893129771,1.1725190839694657,983.0,1.500763358778626,33.69,-117.87,2.75
2.4844,46.0,4.321678321678322,1.0769230769230769,1360.0,3.1701631701631703,33.85,-118.2,1.582
4.5417,50.0,5.038461538461538,0.9895104895104895,1159.0,4.0524475524475525,37.71,-122.45,2.337
3.6,44.0,8.419277108433734,1.5301204819277108,693.0,1.6698795180722892,36.55,-121.92,4.528
2.9417,39.0,4.0817843866171,1.0817843866171004,1165.0,2.1654275092936803,34.1,-118.29,2.542
3.8365,29.0,5.503685503685504,1.1228501228501229,1187.0,2.9164619164619165,34.14,-117.9,1.842
6.5319,36.0,6.281622911694511,1.0739856801909309,2038.0,4.863961813842482,32.72,-117.25,3.458
5.6336,40.0,5.89568345323741,1.2661870503597121,498.0,1.79136690647482,33.6,-117.89,5.00001
6.357,4.0,6.114372469635628,1.0705128205128205,7301.0,2.463225371120108,32.95,-117.22,3.225
2.3304,24.0,4.524390243902439,1.0146341463414634,1520.0,3.707317073170732,36.35,-119.3,0.649
5.7833,26.0,6.19811320754717,0.9471698113207547,1443.0,2.7226415094339624,37.31,-121.99,3.396
2.9167,35.0,4.054644808743169,1.0965391621129326,2230.0,4.061930783242259,34.08,-118.18,1.293
2.1287,30.0,5.876168224299065,1.1238317757009346,1327.0,3.100467289719626,37.93,-122.34,0.95
1.6483,39.0,4.390781563126253,0.9879759519038076,1307.0,2.6192384769539077,40.18,-122.24,0.608
4.6048,34.0,3.6794425087108014,1.0696864111498259,946.0,1.6480836236933798,33.82,-118.43,5.00001
2.2566,52.0,4.995348837209303,0.9790697674418605,975.0,2.2674418604651163,40.79,-124.16,0.927
3.0673,38.0,4.881019830028329,1.1161473087818696,711.0,2.0141643059490084,37.73,-122.14,2.184
10.9704,6.0,10.55813953488372,2.372093023255814,213.0,4.953488372093023,33.69,-117.53,4.833
4.4094,39.0,5.127345844504021,1.227882037533512,1378.0,1.8471849865951742,34.11,-118.27,3.526
3.9375,30.0,6.434408602150538,1.3096774193548386,1288.0,2.7698924731182797,34.54,-120.01,2.929
2.7109,37.0,4.292,1.06,1197.0,4.788,33.91,-118.21,1.33
3.3205,5.0,3.908896797153025,1.102491103202847,2997.0,2.1330960854092527,34.18,-118.3,1.721
3.7708,26.0,13.603004291845494,2.6695278969957084,1177.0,2.5257510729613735,34.23,-117.27,1.104
2.9292,29.0,4.505747126436781,0.9540229885057471,1681.0,3.864367816091954,34.09,-117.33,0.845
2.2925,7.0,6.12907045589106,1.1882770870337478,3559.0,2.107164002368265,33.77,-116.99,1.131
8.1631,42.0,6.31404958677686,1.0082644628099173,634.0,2.6198347107438016,34.02,-118.43,5.00001
2.9453,37.0,5.693593314763231,1.0974930362116992,894.0,2.4902506963788302,35.38,-119.11,0.828
4.8646,36.0,5.488970588235294,1.0477941176470589,766.0,2.8161764705882355,34.22,-118.51,2.132
5.2366,43.0,6.116,1.244,570.0,2.28,37.16,-121.9,2.933
3.0613,34.0,4.521444695259594,1.0519187358916477,1226.0,2.7674943566591423,32.58,-117.12,1.367
3.4015,21.0,4.803867403314917,1.1740331491712708,945.0,2.610497237569061,35.05,-118.0,0.865
1.7217,16.0,3.8107142857142855,1.1482142857142856,1555.0,2.7767857142857144,33.22,-117.22,1.75
6.2984,18.0,6.022801302931596,0.9348534201954397,2046.0,3.3322475570032575,33.73,-117.97,2.698
6.5138,16.0,8.127098321342926,1.0215827338129497,5669.0,3.3986810551558753,34.15,-117.62,3.115
1.9107,36.0,4.912863070539419,1.3112033195020747,672.0,2.788381742738589,35.0,-117.65,0.398
5.7858,9.0,5.498316498316498,0.9932659932659933,928.0,3.1245791245791246,33.68,-117.79,2.659
2.1062,21.0,4.324281150159744,1.0782747603833867,1742.0,2.7827476038338657,34.09,-117.94,1.767
7.7684,13.0,8.446691176470589,1.0422794117647058,1643.0,3.020220588235294,33.04,-117.01,3.623
2.375,17.0,4.238095238095238,0.9047619047619048,79.0,3.761904761904762,33.69,-116.18,1.55
3.3269,22.0,7.677083333333333,1.65625,773.0,2.6840277777777777,37.09,-119.4,1.027
4.1151,22.0,5.297491039426523,1.1505376344086022,1342.0,2.4050179211469533,33.77,-117.83,2.032
3.0625,47.0,5.470113085621971,1.0710823909531502,1228.0,1.9838449111470113,37.98,-121.31,1.415
10.06,22.0,7.985200845665962,1.047568710359408,2808.0,2.968287526427061,33.77,-118.41,5.00001
6.1504,16.0,6.935229067930489,1.042654028436019,2146.0,3.390205371248025,33.86,-117.78,2.66
3.0893,22.0,3.859300476947536,1.0731319554848966,2519.0,2.0023847376788555,34.2,-118.46,2.056
4.6333,35.0,5.729166666666667,1.0763888888888888,590.0,4.097222222222222,33.97,-118.08,1.612
2.1042,19.0,5.884758364312268,1.4572490706319703,704.0,2.617100371747212,35.1,-120.66,2.683
15.0001,46.0,9.203947368421053,0.9736842105263158,410.0,2.6973684210526314,34.08,-118.42,5.00001
1.8396,44.0,4.775628626692456,1.0986460348162477,1363.0,2.6363636363636362,34.13,-117.28,0.771
4.6641,29.0,6.011965811965812,1.1025641025641026,1724.0,2.947008547008547,37.54,-121.95,2.489
4.4766,5.0,7.013544018058691,1.0767494356659142,1549.0,3.4966139954853275,37.79,-121.22,1.694
1.9152,28.0,3.7828371278458843,1.064798598949212,1339.0,2.3450087565674256,32.76,-117.12,1.281
4.2614,36.0,5.506203473945409,1.0074441687344913,1219.0,3.0248138957816377,33.87,-118.33,2.671
3.5938,46.0,4.731543624161074,1.1208053691275168,655.0,4.395973154362416,34.04,-118.17,1.411
2.1637,46.0,2.005701254275941,1.153933865450399,2716.0,3.096921322690992,34.06,-118.29,3.5
5.9265,36.0,6.199546485260771,1.0158730158730158,1308.0,2.9659863945578233,33.83,-118.09,2.273
1.4066,39.0,4.633123689727463,1.0440251572327044,1752.0,3.6729559748427674,34.12,-117.32,0.664
2.6531,29.0,5.1274298056155505,1.2138228941684666,1617.0,3.4924406047516197,34.96,-120.44,1.083
5.2586,17.0,6.945035460992908,1.1312056737588652,1809.0,3.2074468085106385,38.69,-121.26,1.37
3.3333,49.0,5.436440677966102,1.0084745762711864,576.0,2.440677966101695,37.9,-122.29,2.768
2.3848,6.0,4.689075630252101,1.148109243697479,2364.0,2.4831932773109244,34.12,-117.23,0.816
5.5057,32.0,6.007042253521127,1.028169014084507,923.0,3.25,38.09,-121.35,1.472
4.0217,46.0,4.817610062893082,0.9580712788259959,1429.0,2.9958071278825997,37.75,-122.5,2.724
3.6346,39.0,5.17799352750809,1.1148867313915858,1391.0,2.250809061488673,37.76,-122.47,3.38
2.7174,26.0,5.171428571428572,1.0201680672268907,1603.0,2.6941176470588237,38.69,-121.2,1.375
4.7083,20.0,5.521039603960396,1.0693069306930694,2042.0,2.527227722772277,37.32,-121.99,2.177
4.1304,27.0,4.683727034120735,0.9986876640419947,3339.0,4.381889763779528,34.09,-117.97,1.605
1.7425,43.0,3.3582089552238807,1.0127931769722816,1980.0,4.221748400852879,34.01,-118.25,1.005
4.0505,29.0,5.543835616438356,1.0328767123287672,2353.0,3.223287671232877,32.67,-117.06,1.25
3.0147,37.0,3.9582089552238804,1.0,1771.0,5.286567164179105,37.48,-122.21,2.181
3.6771,24.0,4.538461538461538,1.1153846153846154,3003.0,2.9615384615384617,33.81,-117.94,1.722
2.2244,24.0,4.706635622817229,1.108265424912689,2174.0,2.530849825378347,34.06,-117.66,1.149
0.9338,35.0,5.30188679245283,1.6415094339622642,240.0,2.2641509433962264,38.67,-121.39,1.125
2.035,19.0,5.060728744939271,1.0303643724696356,1293.0,2.617408906882591,40.16,-122.24,0.551
1.5608,31.0,3.971502590673575,0.9352331606217616,1518.0,3.9326424870466323,36.4,-119.1,0.517
4.05,33.0,5.556400506970849,0.9860583016476553,1775.0,2.249683143219265,38.74,-121.28,1.347
4.433,34.0,4.988394584139265,1.0851063829787233,1237.0,2.392649903288201,34.19,-118.56,2.351
6.0862,9.0,6.379166666666666,1.0083333333333333,850.0,3.5416666666666665,32.97,-117.11,2.636
2.2559,24.0,3.837947332883187,1.0027008777852802,6626.0,4.474004051316678,34.07,-118.01,1.668
3.1964,16.0,4.312594840667678,1.0515933232169954,4203.0,3.1889226100151746,37.3,-121.83,1.858
1.625,26.0,4.0,1.0,35.0,3.888888888888889,34.02,-118.2,1.75
4.0717,3.0,7.248285322359396,1.262002743484225,2703.0,3.707818930041152,33.8,-117.22,1.265
0.8198,6.0,2.660436137071651,1.0903426791277258,542.0,1.6884735202492211,34.17,-118.37,3.25
5.2099,35.0,5.80327868852459,1.009367681498829,1333.0,3.1217798594847777,33.86,-117.95,1.914
3.2596,36.0,5.288732394366197,1.0187793427230047,1018.0,2.3896713615023475,38.59,-121.38,0.987
4.25,40.0,4.691747572815534,1.1529126213592233,902.0,2.1893203883495147,33.71,-118.29,3.328
3.4286,31.0,5.658008658008658,1.0606060606060606,752.0,3.2554112554112553,32.84,-116.95,1.294
3.3603,29.0,4.584905660377358,1.1293800539083558,1616.0,4.355795148247979,34.27,-118.44,1.424
4.9107,26.0,6.31981981981982,1.0337837837837838,1453.0,3.2725225225225225,37.72,-121.93,2.138
1.8214,10.0,5.838983050847458,1.271186440677966,845.0,2.3870056497175143,36.76,-119.85,0.801
3.5694,40.0,4.391156462585034,1.030612244897959,1304.0,2.2176870748299318,33.73,-118.3,2.764
2.5,19.0,6.153153153153153,1.2522522522522523,302.0,2.720720720720721,40.28,-120.96,0.641
2.9375,33.0,3.7375,0.978125,1448.0,4.525,33.98,-118.16,1.625
4.2051,16.0,5.236893203883495,0.9514563106796117,1462.0,2.8388349514563105,38.48,-122.66,1.903
4.2153,18.0,6.11453744493392,1.0881057268722467,1817.0,2.668135095447871,36.83,-119.78,0.952
2.5368,35.0,6.21078431372549,1.0392156862745099,710.0,3.480392156862745,32.8,-117.14,1.696
3.8643,46.0,4.63490099009901,0.9876237623762376,1502.0,1.858910891089109,34.02,-118.36,1.958
3.0446,26.0,5.657534246575342,1.1130136986301369,790.0,2.7054794520547945,39.5,-121.44,0.908
2.7788,45.0,4.210416666666666,1.1,1410.0,2.9375,37.79,-122.2,1.154
2.4708,22.0,5.645328719723183,1.3823529411764706,1384.0,2.394463667820069,41.13,-124.06,1.194
4.0,24.0,7.288043478260869,1.1630434782608696,667.0,3.625,35.26,-118.95,0.945
4.1304,38.0,4.124413145539906,1.0892018779342723,821.0,1.9272300469483568,33.55,-117.8,4.333
0.8991,42.0,4.689922480620155,1.1317829457364341,945.0,3.6627906976744184,32.7,-117.13,0.789
3.5789,40.0,4.880681818181818,1.1136363636363635,427.0,2.4261363636363638,37.74,-121.43,1.104
5.2987,18.0,6.159325210871603,1.035613870665417,3473.0,3.254920337394564,34.32,-118.41,2.034
6.381,52.0,6.662337662337662,1.0692640692640694,1005.0,2.175324675324675,37.89,-122.26,3.422
5.6687,34.0,5.587591240875913,1.0145985401459854,1064.0,3.883211678832117,34.23,-118.42,2.073
3.1914,19.0,4.426656151419558,1.0417981072555205,3018.0,2.3801261829652995,36.98,-121.99,2.156
4.57,18.0,6.789634146341464,1.298780487804878,1754.0,2.673780487804878,32.9,-116.52,1.899
3.2371,33.0,4.289699570815451,1.0085836909871244,2170.0,4.656652360515022,33.92,-118.05,1.547
2.2687,34.0,3.642857142857143,1.1387755102040817,804.0,1.6408163265306122,32.75,-117.16,2.0
2.4318,5.0,4.33609958506224,0.9730290456431535,1911.0,3.9647302904564317,34.97,-120.64,0.861
2.7042,38.0,4.625368731563422,1.0353982300884956,710.0,2.094395280235988,37.29,-121.89,2.866
4.4958,19.0,5.8997668997669,1.0745920745920745,1206.0,2.8111888111888113,38.92,-121.22,1.926
5.8096,20.0,8.16588785046729,1.0490654205607477,1629.0,3.80607476635514,34.27,-118.75,2.644
5.1412,18.0,6.429672447013488,1.0578034682080926,1449.0,2.791907514450867,37.05,-122.11,3.158
2.2574,37.0,4.702576112412178,1.0913348946135832,1261.0,2.9531615925058547,38.52,-121.5,0.591
4.0625,21.0,6.41038961038961,0.987012987012987,1164.0,3.0233766233766235,33.94,-117.38,1.368
2.9803,45.0,4.647577092511013,1.0881057268722467,1404.0,3.092511013215859,33.87,-118.17,1.659
3.4875,31.0,5.199186991869919,0.9898373983739838,1938.0,3.9390243902439024,32.69,-117.08,1.17
6.0722,4.0,5.857777777777778,0.9688888888888889,673.0,2.991111111111111,33.66,-117.59,2.608
2.4375,39.0,4.844559585492228,1.0880829015544042,711.0,3.683937823834197,33.91,-118.26,1.019
4.0929,33.0,4.73953488372093,0.8883720930232558,938.0,4.362790697674418,37.34,-121.84,1.65
2.9773,37.0,4.43125,1.1104166666666666,2021.0,4.210416666666666,33.96,-118.2,1.646
3.4722,35.0,3.822274881516588,1.014218009478673,675.0,1.599526066350711,37.83,-122.25,2.431
10.7058,52.0,8.433898305084746,0.9525423728813559,805.0,2.7288135593220337,37.79,-122.49,5.00001
1.4007,7.0,4.466424682395644,1.1742286751361162,1587.0,2.88021778584392,36.73,-119.73,2.25
1.9631,44.0,4.425963488843814,0.9979716024340771,878.0,1.7809330628803246,34.01,-118.33,1.813
4.375,35.0,4.864532019704433,0.9458128078817734,882.0,2.1724137931034484,34.18,-118.41,2.917
2.1,41.0,3.4976076555023923,1.0370813397129186,2751.0,3.29066985645933,34.19,-118.37,1.716
1.825,37.0,3.777089783281734,1.0061919504643964,1472.0,4.557275541795666,32.71,-117.13,0.815
5.102,15.0,6.534988713318285,1.1241534988713318,1164.0,2.6275395033860045,32.85,-117.19,4.175
8.0103,20.0,8.856140350877194,1.0912280701754387,965.0,3.3859649122807016,34.15,-117.66,3.955
4.26,46.0,5.959785522788204,0.967828418230563,968.0,2.5951742627345844,34.02,-118.33,1.826
1.0918,52.0,2.2533333333333334,1.2026666666666668,1230.0,3.28,32.71,-117.16,0.225
4.0878,22.0,5.046747967479675,1.0731707317073171,1478.0,3.0040650406504064,38.32,-122.32,1.644
3.3026,9.0,5.370542635658914,1.1612403100775195,1687.0,2.6155038759689924,32.75,-117.07,1.191
3.8846,40.0,5.647887323943662,0.9929577464788732,1054.0,2.4741784037558685,38.4,-122.82,2.159
4.0507,34.0,4.984126984126984,1.0595238095238095,638.0,2.5317460317460316,37.98,-122.01,1.61
3.875,11.0,9.37546468401487,2.0,616.0,2.2899628252788102,33.04,-116.61,1.981
4.325,43.0,5.028455284552845,0.9878048780487805,776.0,3.154471544715447,33.9,-118.1,1.66
4.4228,23.0,4.514239218877136,1.013018714401953,2847.0,2.3165174938974777,33.99,-118.42,3.669
2.1859,38.0,4.472222222222222,1.0462962962962963,389.0,3.6018518518518516,33.89,-118.16,1.438
2.0903,34.0,7.612359550561798,1.4719101123595506,434.0,2.438202247191011,41.79,-120.08,0.561
1.6667,44.0,3.5064516129032257,1.0806451612903225,1441.0,4.648387096774194,33.98,-118.25,1.125
3.2708,33.0,4.4319066147859925,1.1634241245136188,734.0,2.8560311284046693,34.0,-118.42,3.25
2.151,16.0,4.031963470319635,1.0776255707762556,601.0,2.7442922374429224,37.78,-122.44,1.469
3.5268,23.0,4.894308943089431,1.0975609756097562,409.0,3.3252032520325203,34.09,-118.05,1.464
2.5663,19.0,3.9004267425320056,1.0753911806543386,1396.0,1.9857752489331437,34.1,-118.13,1.975
2.6774,31.0,5.00392927308448,1.0510805500982319,1579.0,3.1021611001964637,38.69,-121.78,0.958
4.0432,29.0,5.43141592920354,0.963495575221239,3438.0,3.8030973451327434,36.58,-121.88,4.5
4.5536,9.0,6.534939759036145,1.0313253012048194,1116.0,2.689156626506024,34.96,-120.41,1.901
1.6486,26.0,4.337962962962963,0.9629629629629629,1834.0,4.24537037037037,36.63,-119.31,0.552
1.2625,45.0,5.32404181184669,1.0139372822299653,801.0,2.7909407665505226,37.73,-122.19,0.847
4.5938,20.0,5.136792452830188,0.9811320754716981,531.0,2.5047169811320753,36.74,-119.5,1.069
4.6932,4.0,5.2601377199693955,1.1009946442234124,2889.0,2.2104055087987757,37.76,-121.94,3.561
3.9333,26.0,4.668478260869565,1.046195652173913,1022.0,2.777173913043478,33.83,-118.0,1.961
3.5109,29.0,4.6923076923076925,1.085164835164835,2223.0,3.0535714285714284,34.09,-117.88,1.86
2.567,21.0,5.091935483870968,1.0274193548387096,2268.0,3.6580645161290324,37.38,-120.64,0.704
7.248,24.0,6.557823129251701,0.9642857142857143,1741.0,2.9608843537414966,33.7,-118.01,3.027
5.9541,19.0,5.784386617100372,1.0269516728624535,3152.0,2.929368029739777,33.8,-118.35,5.00001
2.1992,26.0,2.6337741607324516,1.0203458799593081,5756.0,5.855544252288912,33.74,-117.85,1.708
1.9571,15.0,4.440993788819876,1.065217391304348,704.0,2.186335403726708,33.22,-117.22,1.625
1.8281,29.0,3.963740458015267,1.1011450381679388,1418.0,2.7061068702290076,34.13,-117.28,0.768
7.6059,27.0,7.146341463414634,1.048780487804878,917.0,3.1951219512195124,34.37,-118.54,3.237
3.1176,33.0,4.293413173652695,1.1197604790419162,1511.0,1.8095808383233534,37.23,-121.98,3.963
3.038,33.0,5.504249291784703,1.246458923512748,1526.0,4.3229461756373935,34.14,-117.95,1.375
5.9328,24.0,7.02317880794702,0.9801324503311258,913.0,3.0231788079470197,34.13,-117.65,2.559
7.0549,52.0,6.785714285714286,0.9514285714285714,813.0,2.322857142857143,37.82,-122.21,3.314
4.2269,14.0,5.874371859296482,0.9824120603015075,1003.0,2.520100502512563,38.0,-122.26,1.705
3.358,26.0,4.253475935828877,1.1229946524064172,1720.0,1.839572192513369,34.1,-118.35,3.645
5.2391,22.0,5.029007633587787,1.1358778625954198,1337.0,2.0412213740458016,37.43,-122.2,5.00001
3.2222,41.0,3.268292682926829,0.9146341463414634,198.0,2.4146341463414633,37.93,-122.35,1.563
7.9835,27.0,8.187817258883248,1.015228426395939,497.0,2.5228426395939088,34.09,-118.43,5.00001
4.918,36.0,6.169491525423729,1.0610169491525423,899.0,3.047457627118644,33.83,-118.11,2.252
2.151,33.0,4.861244019138756,0.9856459330143541,617.0,2.952153110047847,37.59,-120.89,1.958
7.1366,23.0,5.685393258426966,1.0786516853932584,264.0,2.966292134831461,37.15,-122.08,2.739
3.9583,52.0,8.169811320754716,1.3018867924528301,147.0,2.7735849056603774,34.23,-118.12,1.625
2.6573,29.0,3.4511278195488724,1.0776942355889725,969.0,2.4285714285714284,37.31,-121.93,2.528
3.2344,36.0,4.321492007104796,1.0390763765541742,1565.0,2.7797513321492007,34.08,-118.12,2.349
1.3167,49.0,4.969230769230769,1.1743589743589744,599.0,3.071794871794872,37.94,-122.37,0.716
7.7313,17.0,6.793478260869565,0.9320652173913043,1242.0,3.375,33.69,-117.96,3.167
3.8417,11.0,6.667844522968198,1.0706713780918728,775.0,2.7385159010600706,39.03,-121.06,1.872
1.767,37.0,3.7111111111111112,1.0888888888888888,2376.0,3.7714285714285714,34.04,-118.31,1.703
3.1875,9.0,3.788808664259928,1.128158844765343,1252.0,2.259927797833935,34.15,-118.13,1.731
3.2321,46.0,3.985074626865672,1.0580431177446104,1281.0,2.1243781094527363,37.72,-122.48,1.125
10.586,52.0,8.508982035928144,0.9760479041916168,495.0,2.964071856287425,34.08,-118.34,5.00001
3.2386,21.0,4.578723404255319,1.1212765957446809,996.0,2.119148936170213,34.17,-118.45,2.773
5.756,13.0,6.9655172413793105,1.303448275862069,679.0,2.3413793103448275,33.47,-117.69,3.056
3.4676,21.0,4.327981651376147,1.0466360856269112,3188.0,2.437308868501529,34.18,-118.87,2.128
2.5741,29.0,4.932160804020101,0.9849246231155779,1208.0,3.0351758793969847,36.71,-119.56,0.73
3.7813,30.0,4.656551724137931,0.993103448275862,1990.0,2.7448275862068967,34.12,-118.17,2.32
4.9219,35.0,6.15406162464986,0.988795518207283,945.0,2.6470588235294117,32.82,-117.19,1.929
3.0625,34.0,3.2142857142857144,0.7857142857142857,39.0,2.7857142857142856,34.08,-117.08,5.00001
6.379,12.0,7.8193979933110365,1.1672240802675586,1543.0,2.580267558528428,33.51,-117.71,5.00001
2.4727,19.0,3.772296015180266,1.127134724857685,1399.0,2.6546489563567364,34.25,-118.29,1.75
3.2292,44.0,5.291814946619217,0.9715302491103203,972.0,3.4590747330960854,34.14,-117.31,0.861
4.6827,36.0,5.605691056910569,1.0772357723577235,896.0,3.6422764227642275,34.24,-118.43,1.838
4.7381,43.0,6.446666666666666,1.01,847.0,2.8233333333333333,37.61,-122.41,3.474
4.0583,52.0,5.865,1.0925,1121.0,2.8025,34.05,-118.37,4.443
5.3224,17.0,6.103633916554509,1.0255720053835802,1562.0,2.1022880215343203,38.0,-121.36,2.258
2.1607,48.0,4.401162790697675,1.0930232558139534,1353.0,3.933139534883721,34.0,-118.28,0.961
5.5376,42.0,7.0,1.0204081632653061,116.0,2.36734693877551,38.04,-121.22,2.125
10.7958,25.0,7.950089126559715,0.9857397504456328,1608.0,2.8663101604278074,37.27,-122.03,5.00001
4.0955,22.0,4.888217522658611,1.0166163141993958,2034.0,3.0725075528700905,33.77,-117.98,1.742
3.9091,34.0,5.909638554216867,1.1927710843373494,1488.0,4.481927710843373,34.01,-118.06,1.551
3.3608,5.0,5.00972590627763,1.0415561450044208,3139.0,2.775419982316534,38.47,-121.44,1.089
5.2017,24.0,6.21978021978022,1.0879120879120878,676.0,2.4761904761904763,33.91,-117.93,3.646
4.5446,36.0,6.437299035369775,1.1607717041800643,913.0,2.9356913183279745,33.96,-118.02,2.447
2.75,27.0,5.003086419753086,0.9969135802469136,882.0,2.7222222222222223,36.55,-119.43,0.935
3.4133,16.0,4.052173913043478,1.1471571906354514,3285.0,2.197324414715719,33.71,-117.95,2.909
5.417,11.0,4.925867507886435,1.167192429022082,1223.0,1.9290220820189274,32.87,-117.23,1.968
3.25,19.0,5.800469483568075,1.011737089201878,1040.0,2.4413145539906105,36.08,-119.03,0.806
3.8456,51.0,4.667315175097277,1.0038910505836576,1160.0,2.2568093385214008,33.83,-118.32,3.189
2.875,44.0,5.434650455927052,1.1185410334346504,933.0,2.835866261398176,37.95,-122.34,1.334
5.8838,24.0,6.6239316239316235,1.0655270655270654,2374.0,3.381766381766382,34.24,-119.02,2.326
2.5682,25.0,3.9408450704225353,0.9267605633802817,1308.0,3.684507042253521,32.8,-117.16,1.875
2.8983,48.0,4.4489051094890515,1.0930656934306568,1508.0,2.7518248175182483,34.06,-117.74,1.292
4.0043,44.0,4.930379746835443,1.0537974683544304,1095.0,3.4651898734177213,33.95,-118.31,1.335
2.7546,40.0,3.4215938303341904,0.961439588688946,1276.0,3.2802056555269923,37.32,-121.88,1.725
4.875,5.0,5.7315175097276265,0.8871595330739299,842.0,3.2762645914396886,34.08,-117.17,1.381
1.8355,29.0,4.487364620938628,1.1263537906137184,836.0,3.0180505415162453,36.68,-119.76,0.742
4.6406,34.0,5.0424528301886795,1.0235849056603774,601.0,2.8349056603773586,33.87,-118.34,2.559
3.2792,32.0,4.657894736842105,1.0160183066361557,1900.0,2.1739130434782608,34.27,-119.24,2.205
3.2917,29.0,5.792490118577075,1.0573122529644268,1954.0,3.8616600790513833,36.93,-121.73,2.247
3.9917,25.0,5.576363636363636,1.0345454545454544,1602.0,2.9127272727272726,38.33,-122.82,2.441
5.6349,24.0,5.71313672922252,0.9195710455764075,874.0,2.3431635388739944,37.84,-122.14,3.556
2.5795,12.0,8.578947368421053,2.0210526315789474,1289.0,2.26140350877193,33.19,-116.37,0.987
2.0674,14.0,5.2253668763102725,1.2976939203354299,2517.0,2.638364779874214,34.2,-116.38,0.65
1.9203,52.0,3.7789046653144016,1.1338742393509127,906.0,1.8377281947261663,32.73,-117.16,1.958
3.9355,41.0,4.296551724137931,0.9816091954022989,1334.0,3.066666666666667,33.91,-118.37,2.278
1.6355,31.0,2.338957055214724,1.1196319018404908,2510.0,3.8496932515337425,34.05,-118.28,1.625
1.7056,49.0,5.08550185873606,1.0483271375464684,790.0,2.936802973977695,37.76,-122.19,0.914
2.4932,35.0,3.7172312223858617,1.1030927835051547,2487.0,3.662739322533137,34.12,-118.19,1.677
3.5393,15.0,5.460504201680672,1.030252100840336,1569.0,2.6369747899159663,37.35,-120.59,0.88
4.6667,44.0,6.205521472392638,0.9969325153374233,992.0,3.042944785276074,33.95,-118.32,1.756
10.7237,21.0,8.837606837606838,1.0,323.0,2.7606837606837606,37.41,-122.18,5.00001
1.6724,33.0,4.095959595959596,0.9343434343434344,446.0,2.2525252525252526,37.79,-121.21,0.969
1.8899,23.0,4.664233576642336,1.2080291970802919,1200.0,2.18978102189781,32.77,-117.05,1.477
2.6055,36.0,4.9748427672955975,0.9842767295597484,761.0,2.393081761006289,36.78,-119.82,0.692
2.0363,31.0,4.9326599326599325,1.02020202020202,1013.0,3.410774410774411,36.39,-119.21,0.535
4.5313,38.0,6.663043478260869,1.039855072463768,685.0,2.4818840579710146,38.59,-121.38,1.894
6.8645,23.0,7.302973977695167,1.0390334572490707,1858.0,3.453531598513011,33.72,-117.96,3.182
3.5278,32.0,3.878524945770065,0.9956616052060737,1131.0,2.453362255965293,33.88,-118.13,1.661
3.901,37.0,5.154213036565978,1.109697933227345,1080.0,1.7170111287758347,33.76,-118.14,4.325
1.8438,29.0,3.2056962025316458,1.240506329113924,1083.0,3.4272151898734178,33.78,-118.19,1.625
4.1667,52.0,4.768595041322314,1.0385674931129476,872.0,2.402203856749311,37.77,-122.27,2.258
4.1339,52.0,4.567058823529412,1.0258823529411765,955.0,2.2470588235294118,37.78,-122.47,3.964
5.6407,34.0,6.065972222222222,0.9670138888888888,1861.0,3.2309027777777777,34.21,-118.61,2.515
5.3558,14.0,6.4555403556771545,1.0041039671682626,1880.0,2.5718194254445965,34.17,-118.9,3.138
2.5667,40.0,6.5120481927710845,1.1897590361445782,1010.0,3.0421686746987953,34.52,-120.39,2.393
3.5982,52.0,5.447457627118644,1.1220338983050848,900.0,3.0508474576271185,33.98,-118.31,0.966
2.8875,17.0,5.676537585421412,1.1252847380410023,1278.0,2.9111617312072893,32.82,-116.92,1.557
3.668,19.0,4.544658493870402,1.0875656742556918,1728.0,3.0262697022767076,33.47,-117.69,2.438
1.9955,50.0,5.101010101010101,0.98989898989899,852.0,2.8686868686868685,36.75,-119.75,0.542
2.06,40.0,5.28021978021978,1.0934065934065933,509.0,2.7967032967032965,34.15,-117.3,0.855
5.5336,6.0,4.905335628227195,0.9655765920826161,2160.0,3.7177280550774525,37.32,-121.79,2.419
5.5292,16.0,6.875,1.0150862068965518,1414.0,3.0474137931034484,34.11,-117.68,2.086
4.3162,26.0,5.6938775510204085,0.961038961038961,1524.0,2.8274582560296846,34.7,-120.48,1.364
2.875,37.0,3.6601340897369776,1.036616812790098,2913.0,1.5023207839092316,34.1,-118.36,3.0
1.7348,43.0,3.9802371541501977,1.233201581027668,558.0,2.205533596837945,37.82,-122.27,1.375
2.2847,41.0,3.5281385281385282,1.0909090909090908,775.0,3.354978354978355,34.01,-118.11,1.9
6.983,21.0,7.477064220183486,0.9984709480122325,2295.0,3.5091743119266057,33.84,-118.05,3.297
3.0651,24.0,5.468386023294509,1.0274542429284526,2904.0,2.415973377703827,34.07,-117.17,1.08
3.9559,42.0,4.6528662420382165,0.9617834394904459,986.0,3.140127388535032,33.88,-117.99,1.611
3.7813,14.0,5.826196473551637,1.035264483627204,954.0,2.403022670025189,38.35,-122.7,1.465
4.3194,34.0,5.2254901960784315,0.9607843137254902,819.0,2.676470588235294,34.22,-118.56,1.97
4.54,23.0,5.347878787878788,1.103030303030303,2380.0,2.8848484848484848,33.84,-118.09,2.131
5.8625,8.0,6.724310776942356,1.0426065162907268,1154.0,2.892230576441103,35.64,-117.7,1.094
3.5341,52.0,4.929203539823009,1.0508849557522124,1311.0,2.900442477876106,34.13,-118.18,1.821
0.9722,10.0,2.6923076923076925,1.0769230769230769,125.0,3.2051282051282053,37.8,-122.27,1.375
1.8413,28.0,5.041958041958042,1.1643356643356644,832.0,2.909090909090909,39.1,-121.57,0.623
2.7098,47.0,4.330601092896175,1.1475409836065573,949.0,2.592896174863388,34.13,-118.22,1.738
2.6604,46.0,4.738700564971752,1.0847457627118644,1457.0,2.0579096045197742,32.74,-117.13,1.701
1.4178,42.0,3.0417582417582416,1.0065934065934066,1825.0,4.010989010989011,34.02,-118.14,1.455
2.2574,23.0,6.018229166666667,1.2682291666666667,1019.0,2.6536458333333335,36.63,-118.18,1.047
3.8056,36.0,4.651488616462347,1.001751313485114,2370.0,4.15061295971979,33.76,-117.89,1.772
6.035,5.0,5.431472081218274,1.0659898477157361,990.0,2.512690355329949,37.54,-122.27,4.388
3.2404,39.0,5.080071174377224,1.0213523131672597,1217.0,2.1654804270462633,38.54,-121.44,0.936
6.6004,17.0,6.087649402390438,1.051792828685259,606.0,2.414342629482072,38.48,-122.6,3.415
5.5922,35.0,6.219373219373219,1.0341880341880343,988.0,2.814814814814815,34.45,-119.71,3.844
3.6953,23.0,4.119850187265918,1.0674157303370786,940.0,3.5205992509363297,33.82,-117.83,1.5
3.8239,34.0,5.242703533026114,1.064516129032258,2223.0,3.414746543778802,34.21,-119.19,2.082
2.8583,19.0,4.100358422939068,0.9605734767025089,365.0,1.3082437275985663,33.62,-117.72,1.058
4.8382,52.0,5.2639593908629445,0.9289340101522843,909.0,2.3071065989847717,37.74,-122.44,2.949
1.85,14.0,4.541218637992832,1.039426523297491,1077.0,3.860215053763441,36.09,-119.56,0.523
3.5227,8.0,6.779245283018868,1.2433962264150944,1710.0,3.2264150943396226,38.48,-121.46,0.931
3.8333,24.0,7.572413793103448,1.3310344827586207,353.0,2.43448275862069,39.12,-123.07,0.926
2.1985,36.0,3.5403348554033487,1.1095890410958904,2635.0,4.010654490106545,33.8,-118.19,1.418
4.1484,19.0,4.655352480417754,1.08355091383812,1025.0,2.6762402088772848,33.74,-117.96,2.3
3.1094,40.0,4.822916666666667,1.0729166666666667,841.0,2.920138888888889,38.37,-122.73,1.833
6.6453,25.0,6.618249534450651,0.9832402234636871,1600.0,2.97951582867784,33.78,-118.03,2.701
1.1386,52.0,3.914942528735632,1.1494252873563218,952.0,2.188505747126437,40.8,-124.16,0.741
4.8542,36.0,4.365979381443299,0.9536082474226805,713.0,3.6752577319587627,33.92,-118.09,1.674
7.7773,33.0,6.546583850931677,1.2981366459627328,400.0,2.484472049689441,37.34,-122.38,4.563
2.3083,20.0,5.485776805251641,1.262582056892779,1072.0,2.3457330415754925,38.96,-122.63,0.602
5.2542,26.0,5.6066666666666665,0.9711111111111111,1377.0,3.06,33.81,-118.05,2.346
13.499,42.0,8.928358208955224,1.0,1018.0,3.038805970149254,37.82,-122.22,5.00001
4.0484,11.0,5.934179222839017,1.0118953211736716,3516.0,2.788263283108644,33.09,-117.06,2.625
2.726,16.0,4.46218487394958,0.988795518207283,836.0,2.3417366946778713,34.17,-119.14,0.675
3.1932,25.0,4.614953271028037,1.091588785046729,1253.0,2.3420560747663552,33.72,-118.29,2.575
4.3214,37.0,5.151394422310757,0.9860557768924303,1208.0,2.406374501992032,37.46,-122.22,3.427
2.9449,17.0,5.624801271860095,1.1542130365659777,1603.0,2.548489666136725,37.21,-119.45,0.956
2.95,13.0,4.515151515151516,1.1774891774891776,1356.0,2.935064935064935,33.87,-118.0,1.656
4.8929,21.0,6.415730337078652,1.0112359550561798,999.0,2.806179775280899,33.2,-117.23,2.125
2.936,17.0,3.300337457817773,1.0686164229471316,2517.0,2.831271091113611,34.2,-118.44,2.325
2.9821,29.0,4.827160493827161,1.037037037037037,1815.0,2.800925925925926,34.34,-119.22,1.757
3.3472,45.0,4.244725738396625,0.9704641350210971,1237.0,5.219409282700422,33.87,-117.93,1.68
1.7,17.0,5.20554272517321,1.120092378752887,1007.0,2.325635103926097,39.43,-121.22,0.923
3.2727,52.0,4.442982456140351,1.0570175438596492,709.0,1.5548245614035088,37.81,-122.24,2.685
1.5781,16.0,4.988549618320611,1.0973282442748091,1163.0,2.219465648854962,34.4,-118.9,1.344
3.5867,32.0,5.087662337662338,0.987012987012987,1482.0,4.811688311688312,34.17,-119.17,1.821
1.4688,8.0,10.0,1.9166666666666667,63.0,2.625,33.32,-115.98,0.538
3.0526,37.0,4.068459657701712,0.980440097799511,1316.0,3.21760391198044,33.9,-118.32,2.164
2.3293,28.0,4.071090047393365,0.943127962085308,455.0,2.156398104265403,37.3,-121.87,2.159
3.1042,19.0,3.3897435897435897,1.067948717948718,2317.0,2.9705128205128206,37.28,-121.83,1.831
4.0385,33.0,5.027863777089784,1.043343653250774,1412.0,4.371517027863777,37.36,-121.82,1.676
2.6094,38.0,5.197183098591549,1.0528169014084507,1491.0,2.625,35.42,-119.03,0.679
3.2564,19.0,4.04102096627165,1.0733819507748406,5005.0,2.281221513217867,34.23,-118.6,2.303
2.1354,44.0,4.613157894736842,1.018421052631579,1165.0,3.0657894736842106,34.0,-118.29,1.058
3.5052,52.0,3.85824493731919,1.0453230472516875,2129.0,2.0530376084860174,37.76,-122.42,3.912
7.1273,21.0,5.856132075471698,0.9339622641509434,1194.0,2.8160377358490565,37.36,-122.01,3.463
4.0993,5.0,5.4324324324324325,0.9896049896049897,1490.0,3.0977130977130978,36.79,-119.69,0.83
3.5395,24.0,5.140350877192983,1.0315789473684212,1448.0,2.5403508771929824,37.66,-120.97,1.279
5.0258,32.0,5.44935064935065,0.9818181818181818,1036.0,2.690909090909091,33.94,-118.11,2.554
8.8636,12.0,7.717777777777778,1.0355555555555556,1569.0,3.486666666666667,33.59,-117.68,3.14
4.4946,24.0,5.294896030245747,1.0472589792060492,2064.0,3.9017013232514177,34.08,-117.62,1.36
6.4797,25.0,7.529644268774703,0.9881422924901185,865.0,3.41897233201581,32.8,-117.05,2.49
5.0114,18.0,5.810623556581986,1.120092378752887,1128.0,2.605080831408776,33.87,-118.37,3.386
2.2756,10.0,3.335664335664336,1.1025641025641026,1438.0,3.351981351981352,34.17,-118.37,2.214
2.3889,44.0,4.933806146572104,1.0567375886524824,1270.0,3.0023640661938535,34.1,-117.37,0.861
1.6815,22.0,3.923404255319149,1.0212765957446808,1524.0,6.485106382978723,32.78,-117.07,2.188
7.8772,52.0,8.282548476454293,1.0498614958448753,947.0,2.623268698060942,37.83,-122.23,5.00001
5.125,36.0,5.419607843137255,1.007843137254902,685.0,2.6862745098039214,33.9,-118.01,2.117
3.2708,46.0,4.323462414578588,1.0045558086560364,978.0,2.2277904328018225,32.74,-117.12,1.552
3.825,27.0,4.5245098039215685,0.9117647058823529,1014.0,4.970588235294118,33.88,-118.08,1.595
5.2955,23.0,6.8311688311688314,1.0493506493506493,1184.0,3.0753246753246755,34.17,-118.95,2.476
3.1989,31.0,4.376310272536688,1.0524109014675052,3310.0,3.469601677148847,34.15,-119.19,1.854
4.3438,33.0,6.180769230769231,1.0846153846153845,608.0,2.3384615384615386,34.15,-117.3,1.15
2.8125,44.0,3.845208845208845,0.9778869778869779,1500.0,3.6855036855036856,34.12,-118.2,1.556
3.9187,25.0,5.07469244288225,1.0764499121265378,3580.0,3.145869947275923,37.31,-121.97,3.149
4.875,26.0,6.9,1.15,100.0,5.0,33.96,-118.37,1.75
4.2955,45.0,5.36624203821656,1.0222929936305734,815.0,2.5955414012738856,37.56,-122.31,3.097
2.3566,22.0,5.4966329966329965,1.1077441077441077,1647.0,2.772727272727273,39.53,-122.2,0.71
5.6441,18.0,6.089593383873191,1.0523776705720194,3946.0,2.7195037904893176,33.91,-117.94,3.13
2.6452,18.0,5.108433734939759,1.1290877796901893,1149.0,1.9776247848537005,32.73,-117.07,1.542
4.5893,52.0,6.273712737127371,1.1056910569105691,835.0,2.2628726287262872,37.89,-122.28,2.901
4.0,38.0,4.56140350877193,0.8859649122807017,557.0,2.442982456140351,33.96,-118.13,2.547
3.0546,33.0,2.922576447625244,1.0299284320104098,3477.0,2.262199089134678,37.7,-122.48,2.979
3.3081,14.0,5.365195027861123,1.0741534504929275,6389.0,2.738534076296614,32.83,-116.95,1.687
7.0796,45.0,5.759013282732448,0.9791271347248577,1127.0,2.138519924098672,33.76,-118.12,5.00001
10.0285,22.0,8.95766129032258,1.1290322580645162,1573.0,3.1713709677419355,34.41,-118.4,5.00001
3.5481,35.0,4.547511312217194,1.0135746606334841,742.0,3.3574660633484164,34.13,-118.0,1.581
1.6722,35.0,5.300632911392405,1.1803797468354431,1131.0,3.579113924050633,36.56,-119.25,0.591
4.2798,14.0,3.9945205479452053,1.158904109589041,615.0,1.6849315068493151,33.76,-117.84,2.188
2.7614,30.0,3.7735849056603774,1.0202156334231807,1292.0,1.7412398921832883,33.77,-118.16,2.722
5.392,52.0,6.870535714285714,0.9464285714285714,535.0,2.388392857142857,32.75,-117.18,4.085
2.4375,15.0,4.851926977687627,1.0537525354969575,1810.0,1.8356997971602433,33.22,-117.32,1.089
3.512,16.0,3.7622873345935726,1.0756143667296787,5014.0,2.369565217391304,33.67,-117.91,2.184
2.7038,26.0,3.237424547283702,1.0744466800804828,1868.0,3.7585513078470827,34.08,-118.31,2.271
0.8964,24.0,5.726618705035971,1.7482014388489209,227.0,1.6330935251798562,33.43,-114.73,0.592
5.9088,5.0,5.880597014925373,1.1009657594381037,2834.0,2.4881474978050924,33.53,-117.7,2.885
2.2132,34.0,4.858044164037855,1.0347003154574133,1037.0,3.271293375394322,34.13,-117.91,1.385
2.1864,17.0,5.818443804034582,1.4293948126801153,899.0,2.590778097982709,40.05,-123.78,1.019
4.4663,34.0,5.725663716814159,1.0501474926253687,1021.0,3.0117994100294987,33.81,-117.96,1.839
2.724,8.0,4.655502392344498,1.3827751196172249,663.0,3.172248803827751,33.19,-117.27,1.393
2.76,26.0,5.520871143375681,1.08529945553539,1720.0,3.1215970961887476,34.01,-117.45,0.952
6.5851,26.0,7.989949748743719,0.9849246231155779,654.0,3.28643216080402,34.21,-118.88,3.0
3.4167,36.0,5.19634703196347,1.0410958904109588,725.0,3.310502283105023,33.86,-117.99,1.872
4.5764,18.0,6.777777777777778,1.096774193548387,830.0,2.974910394265233,33.19,-117.25,2.07
13.4196,33.0,8.25531914893617,1.0292553191489362,1111.0,2.9547872340425534,34.15,-118.5,5.00001
4.9662,36.0,6.062597809076682,1.02660406885759,1826.0,2.8575899843505477,37.25,-121.92,2.585
6.9741,16.0,6.7676240208877285,0.9712793733681462,1279.0,3.339425587467363,33.64,-117.69,2.62
4.2386,27.0,4.915851272015655,0.9902152641878669,1861.0,3.6418786692759295,33.76,-117.94,1.842
2.7955,31.0,5.070063694267516,1.1401273885350318,1561.0,2.4856687898089174,37.68,-122.14,1.831
3.4453,37.0,4.834666666666666,1.0506666666666666,1100.0,2.933333333333333,34.09,-117.89,1.767
6.0767,16.0,5.572413793103448,0.9448275862068966,371.0,2.5586206896551724,38.38,-122.02,2.164
4.2292,33.0,5.841911764705882,1.1286764705882353,853.0,3.136029411764706,34.99,-117.68,0.644
7.5839,13.0,8.268907563025211,1.0672268907563025,364.0,3.0588235294117645,33.95,-117.75,4.269
2.9605,37.0,4.48,1.06,1618.0,4.622857142857143,34.13,-117.99,1.294
3.5583,40.0,5.63036303630363,1.0627062706270627,796.0,2.627062706270627,32.63,-117.07,1.549
2.3924,35.0,5.271428571428571,1.0809523809523809,573.0,2.7285714285714286,37.73,-121.12,1.022
1.875,24.0,3.4392265193370166,1.0386740331491713,1230.0,3.3977900552486187,32.75,-117.09,0.95
3.6,24.0,5.351648351648351,0.9945054945054945,1286.0,3.532967032967033,34.07,-117.71,1.393
6.0115,3.0,5.533980582524272,1.0563106796116506,1024.0,1.9883495145631067,37.98,-122.33,1.75
1.056,24.0,4.462068965517242,1.1126436781609195,1277.0,2.935632183908046,35.36,-119.01,0.516
1.2254,42.0,2.0966921119592876,1.1603053435114503,3795.0,3.21882951653944,34.06,-118.28,1.625
4.375,37.0,5.24179104477612,1.0298507462686568,836.0,2.4955223880597015,33.82,-118.11,2.182
2.7778,25.0,5.0990873533246415,1.106910039113429,1580.0,2.0599739243807043,32.77,-117.08,1.841
3.75,32.0,5.393103448275862,0.9310344827586207,973.0,3.3551724137931034,33.75,-117.97,1.904
2.25,15.0,6.11214953271028,1.2554517133956387,730.0,2.2741433021806854,35.68,-118.06,0.675
3.5268,33.0,4.022964509394572,1.0062630480167014,1623.0,3.3883089770354906,33.98,-118.1,1.52
5.8993,49.0,7.051724137931035,1.0123152709359606,1108.0,2.729064039408867,34.0,-118.34,3.133
3.5189,17.0,5.498201438848921,1.0377697841726619,1497.0,2.6924460431654675,40.55,-122.06,1.01
3.5878,43.0,4.634228187919463,0.9328859060402684,1494.0,5.0134228187919465,33.91,-118.2,1.184
4.5,15.0,6.072115384615385,1.0144230769230769,665.0,3.1971153846153846,38.41,-121.94,2.609
7.5443,9.0,6.723404255319149,0.9957446808510638,1675.0,3.5638297872340425,37.33,-121.77,3.484
9.8074,16.0,8.789823008849558,1.0685840707964602,1373.0,3.0376106194690267,33.8,-117.77,4.17
1.808,52.0,4.7808564231738035,1.0604534005037782,1102.0,2.7758186397984885,37.85,-122.28,1.055
13.1107,17.0,8.111650485436893,0.9320388349514563,678.0,3.29126213592233,33.89,-117.89,4.676
4.7391,35.0,5.94919168591224,1.023094688221709,1273.0,2.9399538106235568,37.69,-122.49,2.728
2.3375,33.0,3.6363636363636362,1.0267379679144386,2649.0,4.721925133689839,33.93,-118.35,1.706
3.6691,35.0,6.175438596491228,1.087719298245614,184.0,3.2280701754385963,33.97,-117.51,1.375
2.7171,38.0,8.295454545454545,1.7670454545454546,569.0,3.2329545454545454,38.7,-123.24,1.313
2.5875,52.0,3.2874493927125505,1.0202429149797572,629.0,2.5465587044534415,37.8,-122.41,5.00001
5.156,23.0,6.197718631178708,0.9619771863117871,704.0,2.67680608365019,35.27,-120.63,2.513
3.1987,21.0,7.08,1.345,779.0,3.895,37.0,-121.76,2.798
3.0592,28.0,5.378516624040921,1.0792838874680306,1167.0,2.9846547314578005,38.07,-121.25,1.528
3.0167,39.0,4.087234042553192,1.0276595744680852,2286.0,4.863829787234042,33.93,-118.22,1.3
4.2421,43.0,5.8355263157894735,0.9978070175438597,1384.0,3.0350877192982457,37.69,-122.48,2.575
5.5259,52.0,5.943786982248521,1.0,841.0,2.4881656804733727,37.33,-121.92,2.958
4.35,21.0,5.93687707641196,0.9667774086378738,988.0,3.2823920265780733,38.47,-121.43,0.962
1.8625,52.0,6.411764705882353,1.1911764705882353,197.0,2.8970588235294117,37.77,-120.85,0.854
2.6875,16.0,5.022900763358779,1.047328244274809,1497.0,2.285496183206107,35.1,-120.6,1.782
3.1364,18.0,3.629032258064516,1.2594086021505377,1042.0,1.4005376344086022,36.59,-121.89,1.5
3.6625,22.0,5.747474747474747,0.9966329966329966,822.0,2.7676767676767677,39.75,-121.87,1.266
1.7199,17.0,2.518,1.196,3051.0,3.051,34.06,-118.28,1.75
3.5757,35.0,4.539087947882736,1.0407166123778502,1923.0,3.1319218241042344,33.99,-118.09,1.779
4.1645,14.0,5.941935483870968,0.9806451612903225,1914.0,4.116129032258065,32.7,-117.07,1.43
